name,path
documents,/basis/1_documents/documents.RData
propositions,/basis/1_documents/propositions.RData
translations,/basis/1_documents/translations.RData
doctypes,/basis/2_tags/document_types.RData
tags,/basis/2_tags/tags.RData
courses,/basis/3_trees/courses.RData
ratings,/basis/4_analytics/2_data/ratings.RData
comments,/basis/4_analytics/2_data/comments.RData
views,/basis/4_analytics/2_data/views.RData
tests,/basis/4_analytics/2_data/tests.RData
students,/basis/4_analytics/2_data/students.RData
results,/basis/4_analytics/2_data/results.RData
grades,/basis/4_analytics/2_data/grades.RData
page_ratings,/basis/4_analytics/3_statistics/page_ratings.RData
page_comments,/basis/4_analytics/3_statistics/page_comments.RData
video_views,/basis/4_analytics/3_statistics/video_views.RData
document_parameters,/basis/4_analytics/3_statistics/document_parameters.RData
document_models,/basis/4_analytics/3_statistics/document_models.RData
item_parameters,/basis/4_analytics/3_statistics/item_parameters.RData
item_models,/basis/4_analytics/3_statistics/item_models.RData
