langiso,language,flag
US,English,https://raw.githubusercontent.com/lipis/flag-icons/d6785f2434e54e775d55a304733d17b048eddfb5/flags/1x1/gb.svg
FR,French,https://raw.githubusercontent.com/lipis/flag-icons/d6785f2434e54e775d55a304733d17b048eddfb5/flags/1x1/fr.svg
ES,Spanish,https://raw.githubusercontent.com/lipis/flag-icons/d6785f2434e54e775d55a304733d17b048eddfb5/flags/1x1/es.svg
IT,Italian,https://raw.githubusercontent.com/lipis/flag-icons/d6785f2434e54e775d55a304733d17b048eddfb5/flags/1x1/it.svg
DE,German,https://raw.githubusercontent.com/lipis/flag-icons/d6785f2434e54e775d55a304733d17b048eddfb5/flags/1x1/de.svg
NL,Dutch,https://raw.githubusercontent.com/lipis/flag-icons/d6785f2434e54e775d55a304733d17b048eddfb5/flags/1x1/nl.svg
