name,path
course,/
original,/basis/1_documents/1_original
translated,/basis/1_documents/2_translated
trees,/basis/3_trees/table
jstrees,/basis/3_trees/jstree
students,/basis/4_analytics/1_raw/students
ratings,/basis/4_analytics/1_raw/ratings
comments,/basis/4_analytics/1_raw/comments
views,/basis/4_analytics/1_raw/views
functions,/basis/5_functions
templates_note,/basis/6_templates/1_note
templates_page,/basis/6_templates/2_page
templates_slide,/basis/6_templates/3_slide
templates_video,/basis/6_templates/4_video
templates_game,/basis/6_templates/5_game
templates_tutorial,/basis/6_templates/6_tutorial
templates_case,/basis/6_templates/7_case
templates_question,/basis/6_templates/8_question
templates_report,/basis/6_templates/9_report
credentials,/basis/7_credentials
databases,/basis/8_databases
blog,/materials/1_blog
textbooks,/materials/2_textbooks
presentations,/materials/3_presentations
scripts,/materials/4_scripts
games,/materials/5_games
tutorials,/materials/6_tutorials
cases,/materials/7_cases
tests,/materials/8_tests
analyses,/materials/9_analyses
edit,/edition
data,/edition/data
csl,/edition/format/csl
exams,/edition/format/exams
css,/edition/format/css
js,/edition/format/js
